project_id,year_month,value
axelarnetwork,2022-09,0.0
axelarnetwork,2022-10,
axelarnetwork,2022-11,0.0
axelarnetwork,2022-12,0.0
axelarnetwork,2023-01,0.0
axelarnetwork,2023-02,0.0
axelarnetwork,2023-03,0.0
axelarnetwork,2023-04,0.0
axelarnetwork,2023-05,0.0
axelarnetwork,2023-06,0.0
axelarnetwork,2023-07,0.0
axelarnetwork,2023-08,0.0
axelarnetwork,2023-09,0.0
axelarnetwork,2023-10,0.0
axelarnetwork,2023-11,0.0
axelarnetwork,2023-12,0.0
axelarnetwork,2024-01,0.0
axelarnetwork,2024-02,0.0
axelarnetwork,2024-03,0.0
axelarnetwork,2024-04,0.0
axelarnetwork,2024-05,0.0
axelarnetwork,2024-06,0.0
axelarnetwork,2024-07,0.0
axelarnetwork,2024-08,0.0
axelarnetwork,2024-09,0.0
axelarnetwork,2024-10,0.0
axelarnetwork,2024-11,0.0
axelarnetwork,2024-12,0.0
axelarnetwork,2025-01,0.0
axelarnetwork,2025-02,0.0
axelarnetwork,2025-03,0.0
axelarnetwork,2025-04,0.0
axelarnetwork,2025-05,0.0
axelarnetwork,2025-06,0.0
index-cooperative,2020-09,0.0002989519370937328
index-cooperative,2020-10,0.0003721131890892723
index-cooperative,2020-11,0.0005530708255381305
index-cooperative,2020-12,0.0008221495759466864
index-cooperative,2021-01,0.0009732032035416044
index-cooperative,2021-02,0.0016118612726046398
index-cooperative,2021-03,0.0024739858677384698
index-cooperative,2021-04,0.0011059984327154912
index-cooperative,2021-05,0.0017981410798909906
index-cooperative,2021-06,0.0021509627054108987
index-cooperative,2021-07,0.0021964111538015966
index-cooperative,2021-08,0.0021320515081403165
index-cooperative,2021-09,0.0023818830281547
index-cooperative,2021-10,0.004444802159812783
index-cooperative,2021-11,0.0039053528700700854
index-cooperative,2021-12,0.0029335551635064883
index-cooperative,2022-01,0.003162565797224804
index-cooperative,2022-02,0.005248685686708495
index-cooperative,2022-03,0.005902156688024295
index-cooperative,2022-04,0.0036138712269702397
index-cooperative,2022-05,0.00270083415677096
index-cooperative,2022-06,0.002243268819887388
index-cooperative,2022-07,0.0035793170964904435
index-cooperative,2022-08,0.0039926383307075635
index-cooperative,2022-09,0.0031686062745654906
index-cooperative,2022-10,0.005600694735995081
index-cooperative,2022-11,0.0021325628626616866
index-cooperative,2022-12,0.008497862160230378
index-cooperative,2023-01,0.007522531214952334
index-cooperative,2023-02,0.00682521943860099
index-cooperative,2023-03,0.008238826062161014
index-cooperative,2023-04,0.007806952852471106
index-cooperative,2023-05,0.017097402791149286
index-cooperative,2023-06,0.008069451680569979
index-cooperative,2023-07,0.014875224648117849
index-cooperative,2023-08,0.012853642189592375
index-cooperative,2023-09,0.011428583478765067
index-cooperative,2023-10,0.014184255412832672
index-cooperative,2023-11,0.013029675588603672
index-cooperative,2023-12,0.008008448817673002
index-cooperative,2024-01,0.007768951240784085
index-cooperative,2024-02,0.009123534330205393
index-cooperative,2024-03,0.005673976035089865
index-cooperative,2024-04,0.006064516859726072
index-cooperative,2024-05,0.007848192323820733
index-cooperative,2024-06,0.024113116813823155
index-cooperative,2024-07,0.017330674086246566
index-cooperative,2024-08,0.012256281175484905
index-cooperative,2024-09,0.028489121572832503
index-cooperative,2024-10,0.014822821661026872
index-cooperative,2024-11,0.00895318898560636
index-cooperative,2024-12,0.007337660875991532
index-cooperative,2025-01,0.014313755884853632
index-cooperative,2025-02,0.02419647487687304
index-cooperative,2025-03,0.008704295543831935
index-cooperative,2025-04,0.0384667172571711
index-cooperative,2025-05,0.015573205178848587
index-cooperative,2025-06,0.02933166237202142
nexus-mutual,2019-07,0.006259180092548762
nexus-mutual,2019-08,0.0033990361426416427
nexus-mutual,2019-09,0.006640294446298078
nexus-mutual,2019-10,0.0038019138862537805
nexus-mutual,2019-11,0.004149372249904176
nexus-mutual,2019-12,0.005495756725095776
nexus-mutual,2020-01,0.010933206534371513
nexus-mutual,2020-02,0.006498816982961157
nexus-mutual,2020-03,0.005102183318760411
nexus-mutual,2020-04,0.003873097910610918
nexus-mutual,2020-05,0.004169795860453974
nexus-mutual,2020-06,0.007787062482779964
nexus-mutual,2020-07,0.0078113263400986545
nexus-mutual,2020-08,0.004250951253423967
nexus-mutual,2020-09,0.008632420759172168
nexus-mutual,2020-10,0.0077481988409517566
nexus-mutual,2020-11,0.005465254963049934
nexus-mutual,2020-12,0.00830826802848208
nexus-mutual,2021-01,0.005286837880938048
nexus-mutual,2021-02,0.007044885357534527
nexus-mutual,2021-03,0.008261223541831503
nexus-mutual,2021-04,0.004393579046970613
nexus-mutual,2021-05,0.004667288560577775
nexus-mutual,2021-06,0.004375093280741273
nexus-mutual,2021-07,0.005071298141008279
nexus-mutual,2021-08,0.0051029464256431515
nexus-mutual,2021-09,0.005427101680212142
nexus-mutual,2021-10,0.007191913772246741
nexus-mutual,2021-11,0.007376883819036928
nexus-mutual,2021-12,0.004582929837313016
nexus-mutual,2022-01,0.0037425153682480693
nexus-mutual,2022-02,0.005868359077266476
nexus-mutual,2022-03,0.005633433025929814
nexus-mutual,2022-04,0.0038229174568222566
nexus-mutual,2022-05,0.005987268087013554
nexus-mutual,2022-06,0.005236242204036244
nexus-mutual,2022-07,0.004581573334204432
nexus-mutual,2022-08,0.004038478306712149
nexus-mutual,2022-09,0.0032302872160144707
nexus-mutual,2022-10,0.002967852518987993
nexus-mutual,2022-11,0.004670670207719121
nexus-mutual,2022-12,0.003613119400211916
nexus-mutual,2023-01,0.003389926319999576
nexus-mutual,2023-02,0.003587614124189984
nexus-mutual,2023-03,0.0034963252960690003
nexus-mutual,2023-04,0.0037387797971039577
nexus-mutual,2023-05,0.0051840904205333336
nexus-mutual,2023-06,0.0045135488381110875
nexus-mutual,2023-07,0.004801202194365902
nexus-mutual,2023-08,0.003272694061686874
nexus-mutual,2023-09,0.004028670793350042
nexus-mutual,2023-10,0.003483506777879574
nexus-mutual,2023-11,0.003869894650766709
nexus-mutual,2023-12,0.003671962030742322
nexus-mutual,2024-01,0.0045617471311102985
nexus-mutual,2024-02,0.0064120693405778605
nexus-mutual,2024-03,0.009472062635892696
nexus-mutual,2024-04,0.011854517598832487
nexus-mutual,2024-05,0.004958390112663428
nexus-mutual,2024-06,0.006705097765851756
nexus-mutual,2024-07,0.008078164081725837
nexus-mutual,2024-08,0.007644678541856972
nexus-mutual,2024-09,0.006044435135079159
nexus-mutual,2024-10,0.0053084453823597395
nexus-mutual,2024-11,0.005695809630907897
nexus-mutual,2024-12,0.0137054814825551
nexus-mutual,2025-01,0.009474243721877036
nexus-mutual,2025-02,0.005506917052379002
nexus-mutual,2025-03,0.005595870201620909
nexus-mutual,2025-04,0.006185777435430539
nexus-mutual,2025-05,
nexus-mutual,2025-06,
