year_month,metric_id,value
2018-04,total_tvl_usd,421651.0
2018-05,total_tvl_usd,357505.0
2018-06,total_tvl_usd,337359.0
2018-07,total_tvl_usd,337279.0
2018-08,total_tvl_usd,1164422.0
2018-09,total_tvl_usd,3917495.0
2018-10,total_tvl_usd,3932026.0
2018-11,total_tvl_usd,6455300.0
2018-12,total_tvl_usd,3926020.0
2019-01,total_tvl_usd,222703976.0
2019-02,total_tvl_usd,312433597.0
2019-03,total_tvl_usd,336188471.0
2019-04,total_tvl_usd,345659531.0
2019-05,total_tvl_usd,506370689.0
2019-06,total_tvl_usd,530837844.0
2019-07,total_tvl_usd,399934411.0
2019-08,total_tvl_usd,416654693.0
2019-09,total_tvl_usd,447518494.0
2019-10,total_tvl_usd,577322607.0
2019-11,total_tvl_usd,637340609.0
2019-12,total_tvl_usd,609180173.0
2020-01,total_tvl_usd,770356016.0
2020-02,total_tvl_usd,799079232.0
2020-03,total_tvl_usd,519967586.0
2020-04,total_tvl_usd,767634529.0
2020-05,total_tvl_usd,1095063146.0
2020-06,total_tvl_usd,1877213605.0
2020-07,total_tvl_usd,3620563055.0
2020-08,total_tvl_usd,8190409587.0
2020-09,total_tvl_usd,10315099848.0
2020-10,total_tvl_usd,9689812002.0
2020-11,total_tvl_usd,12111351913.0
2020-12,total_tvl_usd,15061555372.0
2021-01,total_tvl_usd,26997919443.0
2021-02,total_tvl_usd,40928950203.0
2021-03,total_tvl_usd,58837881401.0
2021-04,total_tvl_usd,99840931506.0
2021-05,total_tvl_usd,82718208292.0
2021-06,total_tvl_usd,82023582396.0
2021-07,total_tvl_usd,94991639309.0
2021-08,total_tvl_usd,118838708220.0
2021-09,total_tvl_usd,118558863345.0
2021-10,total_tvl_usd,155565370740.0
2021-11,total_tvl_usd,174493674786.0
2021-12,total_tvl_usd,163936993169.0
2022-01,total_tvl_usd,127408669996.0
2022-02,total_tvl_usd,132884815208.0
2022-03,total_tvl_usd,161654055570.0
2022-04,total_tvl_usd,140570587966.0
2022-05,total_tvl_usd,80452780730.0
2022-06,total_tvl_usd,51917374653.0
2022-07,total_tvl_usd,61559984048.0
2022-08,total_tvl_usd,56599575614.0
2022-09,total_tvl_usd,52791897179.0
2022-10,total_tvl_usd,54101502132.0
2022-11,total_tvl_usd,40938147947.0
2022-12,total_tvl_usd,38384581806.0
2023-01,sp500_index,3853.2900390625
2023-01,sp500_index,3840.360107421875
2023-01,sp500_index,3839.739990234375
2023-01,sp500_index,3823.3701171875
2023-01,sp500_index,3910.820068359375
2023-01,sp500_index,3888.570068359375
2023-01,sp500_index,3932.35009765625
2023-01,sp500_index,3977.570068359375
2023-01,sp500_index,3960.60009765625
2023-01,sp500_index,3999.280029296875
2023-01,sp500_index,4002.25
2023-01,sp500_index,3911.840087890625
2023-01,sp500_index,3909.0400390625
2023-01,sp500_index,3978.139892578125
2023-01,sp500_index,4001.739990234375
2023-01,sp500_index,3982.7099609375
2023-01,sp500_index,4036.080078125
2023-01,sp500_index,4053.719970703125
2023-01,sp500_index,4049.27001953125
2023-01,sp500_index,4020.85009765625
2023-01,total_tvl_usd,46461341894.0
2023-02,sp500_index,4070.070068359375
2023-02,sp500_index,4158.68017578125
2023-02,sp500_index,4136.68994140625
2023-02,sp500_index,4119.56982421875
2023-02,sp500_index,4105.35009765625
2023-02,sp500_index,4153.47021484375
2023-02,sp500_index,4144.25
2023-02,sp500_index,4068.919921875
2023-02,sp500_index,4096.6201171875
2023-02,sp500_index,4126.7001953125
2023-02,sp500_index,4119.5
2023-02,sp500_index,4114.75
2023-02,sp500_index,4077.389892578125
2023-02,sp500_index,4052.35009765625
2023-02,sp500_index,4001.830078125
2023-02,sp500_index,4018.60009765625
2023-02,sp500_index,3973.239990234375
2023-02,sp500_index,3992.360107421875
2023-02,sp500_index,3977.18994140625
2023-02,total_tvl_usd,49174714111.0
2023-03,sp500_index,3963.340087890625
2023-03,sp500_index,3938.679931640625
2023-03,sp500_index,3998.02001953125
2023-03,sp500_index,4055.14990234375
2023-03,sp500_index,4048.260009765625
2023-03,sp500_index,3987.550048828125
2023-03,sp500_index,3998.659912109375
2023-03,sp500_index,3912.77001953125
2023-03,sp500_index,3835.1201171875
2023-03,sp500_index,3894.010009765625
2023-03,sp500_index,3876.739990234375
2023-03,sp500_index,3878.929931640625
2023-03,sp500_index,3958.68994140625
2023-03,sp500_index,3917.469970703125
2023-03,sp500_index,3975.889892578125
2023-03,sp500_index,4002.0400390625
2023-03,sp500_index,3959.2099609375
2023-03,sp500_index,3939.2099609375
2023-03,sp500_index,3982.929931640625
2023-03,sp500_index,3974.1298828125
2023-03,sp500_index,3999.530029296875
2023-03,sp500_index,4046.739990234375
2023-03,sp500_index,4056.179931640625
2023-03,total_tvl_usd,48853840701.0
2023-04,sp500_index,4102.2001953125
2023-04,sp500_index,4128.02978515625
2023-04,sp500_index,4094.5
2023-04,sp500_index,4081.14990234375
2023-04,sp500_index,4085.199951171875
2023-04,sp500_index,4110.2900390625
2023-04,sp500_index,4121.72021484375
2023-04,sp500_index,4100.0400390625
2023-04,sp500_index,4140.10986328125
2023-04,sp500_index,4137.169921875
2023-04,sp500_index,4164.259765625
2023-04,sp500_index,4139.330078125
2023-04,sp500_index,4130.47998046875
2023-04,sp500_index,4132.14013671875
2023-04,sp500_index,4132.06982421875
2023-04,sp500_index,4126.43017578125
2023-04,sp500_index,4087.780029296875
2023-04,sp500_index,4075.2900390625
2023-04,sp500_index,4129.6298828125
2023-04,total_tvl_usd,48662212621.0
2023-05,sp500_index,4166.7900390625
2023-05,sp500_index,4164.10009765625
2023-05,sp500_index,4122.25
2023-05,sp500_index,4082.550048828125
2023-05,sp500_index,4084.72998046875
2023-05,sp500_index,4136.97998046875
2023-05,sp500_index,4124.25
2023-05,sp500_index,4143.740234375
2023-05,sp500_index,4132.240234375
2023-05,sp500_index,4138.5400390625
2023-05,sp500_index,4126.64990234375
2023-05,sp500_index,4127.9501953125
2023-05,sp500_index,4122.85009765625
2023-05,sp500_index,4157.68017578125
2023-05,sp500_index,4204.14990234375
2023-05,sp500_index,4190.77978515625
2023-05,sp500_index,4176.7998046875
2023-05,sp500_index,4132.9599609375
2023-05,sp500_index,4155.7099609375
2023-05,sp500_index,4156.16015625
2023-05,sp500_index,4226.7099609375
2023-05,sp500_index,4190.740234375
2023-05,total_tvl_usd,47454936529.0
2023-06,sp500_index,4183.02978515625
2023-06,sp500_index,4241.009765625
2023-06,sp500_index,4282.990234375
2023-06,sp500_index,4271.33984375
2023-06,sp500_index,4285.47021484375
2023-06,sp500_index,4268.68994140625
2023-06,sp500_index,4304.8798828125
2023-06,sp500_index,4308.31982421875
2023-06,sp500_index,4352.60986328125
2023-06,sp500_index,4366.2900390625
2023-06,sp500_index,4365.330078125
2023-06,sp500_index,4440.9501953125
2023-06,sp500_index,4396.10986328125
2023-06,sp500_index,4380.009765625
2023-06,sp500_index,4355.39990234375
2023-06,sp500_index,4354.169921875
2023-06,sp500_index,4344.83984375
2023-06,sp500_index,4337.35986328125
2023-06,sp500_index,4367.47998046875
2023-06,sp500_index,4374.93994140625
2023-06,sp500_index,4422.43994140625
2023-06,total_tvl_usd,44281209043.0
2023-07,sp500_index,4450.47998046875
2023-07,sp500_index,4442.0400390625
2023-07,sp500_index,4422.6201171875
2023-07,sp500_index,4404.5400390625
2023-07,sp500_index,4394.22998046875
2023-07,sp500_index,4415.5498046875
2023-07,sp500_index,4467.68994140625
2023-07,sp500_index,4491.5
2023-07,sp500_index,4514.60986328125
2023-07,sp500_index,4508.85986328125
2023-07,sp500_index,4521.77978515625
2023-07,sp500_index,4563.8701171875
2023-07,sp500_index,4554.3798828125
2023-07,sp500_index,4550.16015625
2023-07,sp500_index,4543.39013671875
2023-07,sp500_index,4555.18994140625
2023-07,sp500_index,4558.9599609375
2023-07,sp500_index,4598.259765625
2023-07,sp500_index,4565.75
2023-07,sp500_index,4584.81982421875
2023-07,total_tvl_usd,41682897903.0
2023-08,sp500_index,4578.830078125
2023-08,sp500_index,4550.93017578125
2023-08,sp500_index,4494.27001953125
2023-08,sp500_index,4513.9599609375
2023-08,sp500_index,4491.580078125
2023-08,sp500_index,4498.02978515625
2023-08,sp500_index,4501.56982421875
2023-08,sp500_index,4487.16015625
2023-08,sp500_index,4450.68994140625
2023-08,sp500_index,4458.1298828125
2023-08,sp500_index,4478.8701171875
2023-08,sp500_index,4433.7900390625
2023-08,sp500_index,4416.31982421875
2023-08,sp500_index,4344.8798828125
2023-08,sp500_index,4380.27978515625
2023-08,sp500_index,4415.330078125
2023-08,sp500_index,4396.43994140625
2023-08,sp500_index,4455.16015625
2023-08,sp500_index,4389.3798828125
2023-08,sp500_index,4426.02978515625
2023-08,sp500_index,4432.75
2023-08,sp500_index,4500.33984375
2023-08,sp500_index,4517.009765625
2023-08,total_tvl_usd,38846818980.0
2023-09,sp500_index,4530.60009765625
2023-09,sp500_index,4510.06005859375
2023-09,sp500_index,4490.35009765625
2023-09,sp500_index,4434.5498046875
2023-09,sp500_index,4451.2998046875
2023-09,sp500_index,4480.97998046875
2023-09,sp500_index,4473.27001953125
2023-09,sp500_index,4462.64990234375
2023-09,sp500_index,4487.77978515625
2023-09,sp500_index,4497.97998046875
2023-09,sp500_index,4445.1298828125
2023-09,sp500_index,4445.41015625
2023-09,sp500_index,4452.81005859375
2023-09,sp500_index,4374.35986328125
2023-09,sp500_index,4341.740234375
2023-09,sp500_index,4310.6201171875
2023-09,sp500_index,4312.8798828125
2023-09,sp500_index,4282.6298828125
2023-09,sp500_index,4269.64990234375
2023-09,sp500_index,4328.18017578125
2023-09,total_tvl_usd,38691886607.0
2023-10,sp500_index,4284.52001953125
2023-10,sp500_index,4269.75
2023-10,sp500_index,4233.830078125
2023-10,sp500_index,4259.31005859375
2023-10,sp500_index,4234.7900390625
2023-10,sp500_index,4289.02001953125
2023-10,sp500_index,4339.75
2023-10,sp500_index,4366.58984375
2023-10,sp500_index,4380.93994140625
2023-10,sp500_index,4360.490234375
2023-10,sp500_index,4342.3701171875
2023-10,sp500_index,4345.22998046875
2023-10,sp500_index,4357.35009765625
2023-10,sp500_index,4321.35986328125
2023-10,sp500_index,4273.85009765625
2023-10,sp500_index,4210.39990234375
2023-10,sp500_index,4235.7900390625
2023-10,sp500_index,4232.419921875
2023-10,sp500_index,4175.990234375
2023-10,sp500_index,4152.93017578125
2023-10,sp500_index,4139.39013671875
2023-10,sp500_index,4171.330078125
2023-10,total_tvl_usd,42502677800.0
2023-11,sp500_index,4201.27001953125
2023-11,sp500_index,4268.259765625
2023-11,sp500_index,4334.22998046875
2023-11,sp500_index,4364.27001953125
2023-11,sp500_index,4366.2099609375
2023-11,sp500_index,4384.3701171875
2023-11,sp500_index,4391.41015625
2023-11,sp500_index,4364.14990234375
2023-11,sp500_index,4406.66015625
2023-11,sp500_index,4458.97021484375
2023-11,sp500_index,4505.2998046875
2023-11,sp500_index,4497.080078125
2023-11,sp500_index,4509.5498046875
2023-11,sp500_index,4511.7001953125
2023-11,sp500_index,4538.77001953125
2023-11,sp500_index,4553.0400390625
2023-11,sp500_index,4555.83984375
2023-11,sp500_index,4554.85986328125
2023-11,sp500_index,4545.5498046875
2023-11,sp500_index,4571.83984375
2023-11,sp500_index,4554.8701171875
2023-11,total_tvl_usd,46787533706.0
2023-12,sp500_index,4559.43017578125
2023-12,sp500_index,4564.3701171875
2023-12,sp500_index,4557.25
2023-12,sp500_index,4586.22998046875
2023-12,sp500_index,4568.83984375
2023-12,sp500_index,4576.2001953125
2023-12,sp500_index,4593.39013671875
2023-12,sp500_index,4618.2998046875
2023-12,sp500_index,4646.2001953125
2023-12,sp500_index,4721.0400390625
2023-12,sp500_index,4714.22998046875
2023-12,sp500_index,4725.580078125
2023-12,sp500_index,4743.72021484375
2023-12,sp500_index,4764.72998046875
2023-12,sp500_index,4724.2900390625
2023-12,sp500_index,4753.919921875
2023-12,sp500_index,4758.85986328125
2023-12,sp500_index,4773.4501953125
2023-12,sp500_index,4786.43994140625
2023-12,sp500_index,4782.8798828125
2023-12,total_tvl_usd,54127974112.0
2024-01,sp500_index,4745.2001953125
2024-01,sp500_index,4725.06982421875
2024-01,sp500_index,4697.419921875
2024-01,sp500_index,4690.56982421875
2024-01,sp500_index,4703.7001953125
2024-01,sp500_index,4741.93017578125
2024-01,sp500_index,4759.93994140625
2024-01,sp500_index,4792.1298828125
2024-01,sp500_index,4791.18017578125
2024-01,sp500_index,4772.35009765625
2024-01,sp500_index,4739.1298828125
2024-01,sp500_index,4760.10009765625
2024-01,sp500_index,4796.27978515625
2024-01,sp500_index,4853.419921875
2024-01,sp500_index,4856.7998046875
2024-01,sp500_index,4888.56005859375
2024-01,sp500_index,4886.66015625
2024-01,sp500_index,4888.91015625
2024-01,sp500_index,4892.9501953125
2024-01,sp500_index,4925.89013671875
2024-01,sp500_index,4899.18994140625
2024-01,total_tvl_usd,56475447434.0
2024-02,sp500_index,4861.10986328125
2024-02,sp500_index,4916.06005859375
2024-02,sp500_index,4957.18994140625
2024-02,sp500_index,4950.16015625
2024-02,sp500_index,4973.0498046875
2024-02,sp500_index,4995.16015625
2024-02,sp500_index,5004.169921875
2024-02,sp500_index,5026.830078125
2024-02,sp500_index,4967.93994140625
2024-02,sp500_index,4976.43994140625
2024-02,sp500_index,5003.14013671875
2024-02,sp500_index,5031.1298828125
2024-02,sp500_index,4989.31982421875
2024-02,sp500_index,4963.02978515625
2024-02,sp500_index,5038.830078125
2024-02,sp500_index,5100.919921875
2024-02,sp500_index,5093.0
2024-02,sp500_index,5074.60009765625
2024-02,sp500_index,5067.2001953125
2024-02,sp500_index,5085.35986328125
2024-02,total_tvl_usd,81089520893.0
2024-03,sp500_index,5098.509765625
2024-03,sp500_index,5130.990234375
2024-03,sp500_index,5110.52001953125
2024-03,sp500_index,5108.02978515625
2024-03,sp500_index,5132.3798828125
2024-03,sp500_index,5164.4599609375
2024-03,sp500_index,5111.9599609375
2024-03,sp500_index,5134.2998046875
2024-03,sp500_index,5173.490234375
2024-03,sp500_index,5175.14013671875
2024-03,sp500_index,5123.31005859375
2024-03,sp500_index,5154.77001953125
2024-03,sp500_index,5139.08984375
2024-03,sp500_index,5181.68994140625
2024-03,sp500_index,5253.43017578125
2024-03,sp500_index,5242.47998046875
2024-03,sp500_index,5219.52001953125
2024-03,sp500_index,5228.85009765625
2024-03,sp500_index,5226.31005859375
2024-03,sp500_index,5248.02978515625
2024-03,total_tvl_usd,91324161819.0
2024-04,sp500_index,5257.97021484375
2024-04,sp500_index,5204.2900390625
2024-04,sp500_index,5194.3701171875
2024-04,sp500_index,5244.0498046875
2024-04,sp500_index,5158.9501953125
2024-04,sp500_index,5211.3701171875
2024-04,sp500_index,5217.02978515625
2024-04,sp500_index,5167.8798828125
2024-04,sp500_index,5172.9501953125
2024-04,sp500_index,5171.509765625
2024-04,sp500_index,5149.669921875
2024-04,sp500_index,5064.58984375
2024-04,sp500_index,5068.97021484375
2024-04,sp500_index,5031.52001953125
2024-04,sp500_index,5005.43994140625
2024-04,sp500_index,4987.330078125
2024-04,sp500_index,5028.85009765625
2024-04,sp500_index,5084.85986328125
2024-04,sp500_index,5019.8798828125
2024-04,sp500_index,5084.64990234375
2024-04,sp500_index,5114.1298828125
2024-04,sp500_index,5103.77978515625
2024-04,total_tvl_usd,87548348157.0
2024-05,sp500_index,5029.02978515625
2024-05,sp500_index,5049.31982421875
2024-05,sp500_index,5122.77978515625
2024-05,sp500_index,5142.419921875
2024-05,sp500_index,5187.2001953125
2024-05,sp500_index,5168.97998046875
2024-05,sp500_index,5189.02978515625
2024-05,sp500_index,5225.490234375
2024-05,sp500_index,5233.080078125
2024-05,sp500_index,5221.10009765625
2024-05,sp500_index,5263.259765625
2024-05,sp500_index,5310.06982421875
2024-05,sp500_index,5303.10009765625
2024-05,sp500_index,5305.35009765625
2024-05,sp500_index,5298.68994140625
2024-05,sp500_index,5319.27978515625
2024-05,sp500_index,5340.259765625
2024-05,sp500_index,5281.4501953125
2024-05,sp500_index,5315.91015625
2024-05,sp500_index,5278.72998046875
2024-05,sp500_index,5259.77001953125
2024-05,sp500_index,5243.2099609375
2024-05,total_tvl_usd,101423955111.0
2024-06,sp500_index,5297.14990234375
2024-06,sp500_index,5278.240234375
2024-06,sp500_index,5314.47998046875
2024-06,sp500_index,5357.7998046875
2024-06,sp500_index,5343.81005859375
2024-06,sp500_index,5341.22021484375
2024-06,sp500_index,5353.0
2024-06,sp500_index,5409.1298828125
2024-06,sp500_index,5441.93017578125
2024-06,sp500_index,5424.080078125
2024-06,sp500_index,5431.10986328125
2024-06,sp500_index,5476.14990234375
2024-06,sp500_index,5499.990234375
2024-06,sp500_index,5466.77001953125
2024-06,sp500_index,5459.580078125
2024-06,sp500_index,5460.72998046875
2024-06,sp500_index,5460.7099609375
2024-06,sp500_index,5473.58984375
2024-06,sp500_index,5488.47998046875
2024-06,total_tvl_usd,92160137699.0
2024-07,btc_dominance,74.97918180465815
2024-07,eth_dominance,25.02081819534184
2024-07,global_trading_volume,17373592048.120487
2024-07,sp500_index,5471.080078125
2024-07,sp500_index,5461.83984375
2024-07,sp500_index,5507.43994140625
2024-07,sp500_index,5537.91015625
2024-07,sp500_index,5572.75
2024-07,sp500_index,5584.240234375
2024-07,sp500_index,5591.259765625
2024-07,sp500_index,5635.2099609375
2024-07,sp500_index,5590.759765625
2024-07,sp500_index,5638.16015625
2024-07,sp500_index,5644.08984375
2024-07,sp500_index,5610.06982421875
2024-07,sp500_index,5608.56005859375
2024-07,sp500_index,5543.3701171875
2024-07,sp500_index,5544.5400390625
2024-07,sp500_index,5565.2998046875
2024-07,sp500_index,5505.83984375
2024-07,sp500_index,5428.7001953125
2024-07,sp500_index,5433.669921875
2024-07,sp500_index,5476.5498046875
2024-07,sp500_index,5478.72998046875
2024-07,sp500_index,5505.58984375
2024-07,total_tvl_usd,94651520839.0
2024-08,btc_dominance,76.64509882283058
2024-08,eth_dominance,23.354901177169417
2024-08,global_trading_volume,31403681581.194077
2024-08,sp500_index,5537.83984375
2024-08,sp500_index,5376.6298828125
2024-08,sp500_index,5151.14013671875
2024-08,sp500_index,5206.419921875
2024-08,sp500_index,5293.1298828125
2024-08,sp500_index,5252.56982421875
2024-08,sp500_index,5314.66015625
2024-08,sp500_index,5351.8798828125
2024-08,sp500_index,5376.97998046875
2024-08,sp500_index,5442.35986328125
2024-08,sp500_index,5501.1298828125
2024-08,sp500_index,5530.5
2024-08,sp500_index,5557.22998046875
2024-08,sp500_index,5602.8798828125
2024-08,sp500_index,5603.08984375
2024-08,sp500_index,5637.77001953125
2024-08,sp500_index,5602.490234375
2024-08,sp500_index,5639.66015625
2024-08,sp500_index,5602.89013671875
2024-08,sp500_index,5624.509765625
2024-08,sp500_index,5607.2998046875
2024-08,sp500_index,5612.740234375
2024-08,total_tvl_usd,80132721706.0
2024-09,btc_dominance,79.38287511645612
2024-09,eth_dominance,20.617124883543887
2024-09,global_trading_volume,11399086336.303324
2024-09,sp500_index,5623.89013671875
2024-09,sp500_index,5506.68017578125
2024-09,sp500_index,5520.080078125
2024-09,sp500_index,5507.330078125
2024-09,sp500_index,5442.06982421875
2024-09,sp500_index,5490.509765625
2024-09,sp500_index,5496.419921875
2024-09,sp500_index,5557.47998046875
2024-09,sp500_index,5603.33984375
2024-09,sp500_index,5615.2099609375
2024-09,sp500_index,5655.509765625
2024-09,sp500_index,5641.68017578125
2024-09,sp500_index,5702.6298828125
2024-09,sp500_index,5709.64013671875
2024-09,sp500_index,5711.89990234375
2024-09,sp500_index,5727.66015625
2024-09,sp500_index,5733.64990234375
2024-09,sp500_index,5762.22021484375
2024-09,sp500_index,5755.35986328125
2024-09,sp500_index,5726.52001953125
2024-09,total_tvl_usd,87960593780.0
2024-10,btc_dominance,79.99062508641698
2024-10,eth_dominance,20.009374913583024
2024-10,global_trading_volume,35124446789.27111
2024-10,sp500_index,5757.72998046875
2024-10,sp500_index,5698.14013671875
2024-10,sp500_index,5698.18994140625
2024-10,sp500_index,5737.47998046875
2024-10,sp500_index,5737.7998046875
2024-10,sp500_index,5719.14013671875
2024-10,sp500_index,5751.7998046875
2024-10,sp500_index,5778.35986328125
2024-10,sp500_index,5775.08984375
2024-10,sp500_index,5829.81005859375
2024-10,sp500_index,5866.740234375
2024-10,sp500_index,5816.580078125
2024-10,sp500_index,5875.6201171875
2024-10,sp500_index,5859.43017578125
2024-10,sp500_index,5857.81982421875
2024-10,sp500_index,5832.7001953125
2024-10,sp500_index,5834.5
2024-10,sp500_index,5817.7998046875
2024-10,sp500_index,5826.75
2024-10,sp500_index,5833.93017578125
2024-10,sp500_index,5819.68017578125
2024-10,sp500_index,5832.64990234375
2024-10,sp500_index,5775.33984375
2024-10,total_tvl_usd,89003541480.0
2024-11,btc_dominance,82.10951955198364
2024-11,eth_dominance,17.890480448016355
2024-11,global_trading_volume,45907074188.570145
2024-11,sp500_index,5723.22021484375
2024-11,sp500_index,5725.14990234375
2024-11,sp500_index,5722.43017578125
2024-11,sp500_index,5864.89013671875
2024-11,sp500_index,5947.2099609375
2024-11,sp500_index,5976.759765625
2024-11,sp500_index,6008.85986328125
2024-11,sp500_index,6003.60009765625
2024-11,sp500_index,5985.75
2024-11,sp500_index,5989.68017578125
2024-11,sp500_index,5912.7900390625
2024-11,sp500_index,5874.169921875
2024-11,sp500_index,5870.0498046875
2024-11,sp500_index,5914.33984375
2024-11,sp500_index,5940.580078125
2024-11,sp500_index,5944.35986328125
2024-11,sp500_index,5992.27978515625
2024-11,sp500_index,6000.02978515625
2024-11,sp500_index,6014.10986328125
2024-11,sp500_index,6003.97998046875
2024-11,total_tvl_usd,121150682559.0
2024-12,btc_dominance,81.04050288754617
2024-12,eth_dominance,18.95949711245383
2024-12,global_trading_volume,43580019720.720634
2024-12,sp500_index,6040.10986328125
2024-12,sp500_index,6042.97021484375
2024-12,sp500_index,6069.39013671875
2024-12,sp500_index,6089.02978515625
2024-12,sp500_index,6081.3798828125
2024-12,sp500_index,6083.009765625
2024-12,sp500_index,6057.58984375
2024-12,sp500_index,6060.14990234375
2024-12,sp500_index,6074.2900390625
2024-12,sp500_index,6068.169921875
2024-12,sp500_index,6063.7900390625
2024-12,sp500_index,6052.5498046875
2024-12,sp500_index,6047.64990234375
2024-12,sp500_index,5912.7099609375
2024-12,sp500_index,5842.0
2024-12,sp500_index,5940.25
2024-12,sp500_index,5984.6298828125
2024-12,sp500_index,6024.97021484375
2024-12,sp500_index,6006.169921875
2024-12,sp500_index,5920.669921875
2024-12,sp500_index,5919.740234375
2024-12,total_tvl_usd,118483408416.0
2025-01,btc_dominance,82.16476141371798
2025-01,eth_dominance,17.835238586282028
2025-01,global_trading_volume,45327464907.74362
2025-01,sp500_index,5903.259765625
2025-01,sp500_index,5891.06982421875
2025-01,sp500_index,5982.81005859375
2025-01,sp500_index,5993.259765625
2025-01,sp500_index,5910.66015625
2025-01,sp500_index,5890.35009765625
2025-01,sp500_index,5782.02001953125
2025-01,sp500_index,5859.27001953125
2025-01,sp500_index,5905.2099609375
2025-01,sp500_index,5963.60986328125
2025-01,sp500_index,5995.39990234375
2025-01,sp500_index,6014.1201171875
2025-01,sp500_index,6081.39013671875
2025-01,sp500_index,6076.31982421875
2025-01,sp500_index,6121.43017578125
2025-01,sp500_index,5969.0400390625
2025-01,sp500_index,6026.97021484375
2025-01,sp500_index,6057.7001953125
2025-01,sp500_index,6050.75
2025-01,sp500_index,6096.7900390625
2025-01,total_tvl_usd,123177683035.0
2025-02,btc_dominance,83.63536404052566
2025-02,eth_dominance,16.364635959474334
2025-02,global_trading_volume,37187819228.35328
2025-02,sp500_index,5969.64990234375
2025-02,sp500_index,5998.14013671875
2025-02,sp500_index,6020.4501953125
2025-02,sp500_index,6072.22021484375
2025-02,sp500_index,6083.1298828125
2025-02,sp500_index,6046.39990234375
2025-02,sp500_index,6049.31982421875
2025-02,sp500_index,6025.080078125
2025-02,sp500_index,6060.58984375
2025-02,sp500_index,6115.52001953125
2025-02,sp500_index,6121.60009765625
2025-02,sp500_index,6117.759765625
2025-02,sp500_index,6134.5
2025-02,sp500_index,6114.10009765625
2025-02,sp500_index,6026.68994140625
2025-02,sp500_index,5982.72998046875
2025-02,sp500_index,5970.8701171875
2025-02,sp500_index,5981.8798828125
2025-02,sp500_index,5856.740234375
2025-02,total_tvl_usd,98129682473.0
2025-03,btc_dominance,86.13791573974466
2025-03,eth_dominance,13.862084260255344
2025-03,global_trading_volume,80695237175.07367
2025-03,sp500_index,5968.330078125
2025-03,sp500_index,5811.97998046875
2025-03,sp500_index,5781.35986328125
2025-03,sp500_index,5785.8701171875
2025-03,sp500_index,5726.009765625
2025-03,sp500_index,5705.3701171875
2025-03,sp500_index,5603.64990234375
2025-03,sp500_index,5624.83984375
2025-03,sp500_index,5594.4501953125
2025-03,sp500_index,5563.85009765625
2025-03,sp500_index,5635.60009765625
2025-03,sp500_index,5654.52978515625
2025-03,sp500_index,5632.3701171875
2025-03,sp500_index,5646.919921875
2025-03,sp500_index,5630.72998046875
2025-03,sp500_index,5718.080078125
2025-03,sp500_index,5775.9599609375
2025-03,sp500_index,5771.66015625
2025-03,sp500_index,5695.64013671875
2025-03,sp500_index,5679.2001953125
2025-03,sp500_index,5527.91015625
2025-03,total_tvl_usd,91634365969.0
2025-04,btc_dominance,88.14502082669772
2025-04,eth_dominance,11.854979173302283
2025-04,global_trading_volume,30326148749.91535
2025-04,sp500_index,5597.52978515625
2025-04,sp500_index,5580.759765625
2025-04,sp500_index,5492.740234375
2025-04,sp500_index,5292.14013671875
2025-04,sp500_index,4953.7900390625
2025-04,sp500_index,5193.56982421875
2025-04,sp500_index,4965.27978515625
2025-04,sp500_index,5353.14990234375
2025-04,sp500_index,5255.56005859375
2025-04,sp500_index,5441.9599609375
2025-04,sp500_index,5411.990234375
2025-04,sp500_index,5335.75
2025-04,sp500_index,5305.4501953125
2025-04,sp500_index,5232.93994140625
2025-04,sp500_index,5207.669921875
2025-04,sp500_index,5395.919921875
2025-04,sp500_index,5381.3798828125
2025-04,sp500_index,5489.72998046875
2025-04,sp500_index,5529.22021484375
2025-04,sp500_index,5508.8701171875
2025-04,sp500_index,5499.43994140625
2025-04,total_tvl_usd,98712801004.0
2025-05,btc_dominance,89.62518853644862
2025-05,eth_dominance,10.374811463551387
2025-05,global_trading_volume,26541700309.366146
2025-05,sp500_index,5625.14013671875
2025-05,sp500_index,5645.8798828125
2025-05,sp500_index,5655.31982421875
2025-05,sp500_index,5605.8701171875
2025-05,sp500_index,5614.18017578125
2025-05,sp500_index,5663.60009765625
2025-05,sp500_index,5679.64990234375
2025-05,sp500_index,5807.2001953125
2025-05,sp500_index,5854.14990234375
2025-05,sp500_index,5896.740234375
2025-05,sp500_index,5869.81982421875
2025-05,sp500_index,5929.08984375
2025-05,sp500_index,5902.8798828125
2025-05,sp500_index,5944.66015625
2025-05,sp500_index,5910.18017578125
2025-05,sp500_index,5841.259765625
2025-05,sp500_index,5781.89013671875
2025-05,sp500_index,5854.06982421875
2025-05,sp500_index,5925.5400390625
2025-05,sp500_index,5939.9599609375
2025-05,sp500_index,5903.669921875
2025-05,total_tvl_usd,112692682454.0
2025-06,btc_dominance,87.18798679518808
2025-06,eth_dominance,12.812013204811926
2025-06,global_trading_volume,20432694555.09522
2025-06,sp500_index,5896.68017578125
2025-06,sp500_index,5938.56005859375
2025-06,sp500_index,5978.93994140625
2025-06,sp500_index,5985.669921875
2025-06,sp500_index,5987.06005859375
2025-06,sp500_index,6004.6298828125
2025-06,sp500_index,6009.91015625
2025-06,sp500_index,6049.3798828125
2025-06,sp500_index,6009.89990234375
2025-06,sp500_index,6000.56005859375
2025-06,sp500_index,6004.0
2025-06,sp500_index,6012.14990234375
2025-06,sp500_index,5987.93017578125
2025-06,total_tvl_usd,112822459224.0
