{
  "bitcoin": {
    "name": "Bitcoin",
    "ticker": "BTC",
    "category": "Layer 1",
    "launch_year": 2009,
    "project_id": "bitcoin",
    "peer_group": "Layer 1"
  },
  "ethereum": {
    "name": "Ethereum",
    "ticker": "ETH",
    "category": "Layer 1",
    "launch_year": 2015,
    "project_id": "ethereum",
    "peer_group": "Layer 1"
  },
  "tron": {
    "name": "Tron",
    "ticker": "TRX",
    "category": "Layer 1",
    "launch_year": 2017,
    "project_id": "tron",
    "peer_group": "Layer 1"
  },
  "binance-smart-chain": {
    "name": "Binance Smart Chain",
    "ticker": "BNB",
    "category": "Layer 1",
    "launch_year": 2020,
    "project_id": "binance-smart-chain",
    "peer_group": "Layer 1"
  },
  "celo": {
    "name": "Celo",
    "ticker": "CELO",
    "category": "Layer 1",
    "launch_year": 2020,
    "project_id": "celo",
    "peer_group": "Layer 1"
  }
}