project_id,year_month,value
axelarnetwork,2022-04,2.9969811969380924
axelarnetwork,2022-05,2.0542007578793697
axelarnetwork,2022-06,5.15912637404976
axelarnetwork,2022-07,7.013031710321732
axelarnetwork,2022-08,0.09998495643300229
axelarnetwork,2022-09,0.00025617102211575
axelarnetwork,2022-10,0.0
axelarnetwork,2022-11,91.74935499931193
axelarnetwork,2022-12,82.81948757600134
axelarnetwork,2023-01,241.90755211902615
axelarnetwork,2023-02,2659.2763826953433
axelarnetwork,2023-03,1341.8489759885372
axelarnetwork,2023-04,234.37553029969257
axelarnetwork,2023-05,1729.036699177594
axelarnetwork,2023-06,1214.263052603837
axelarnetwork,2023-07,2094.614539508289
axelarnetwork,2023-08,3110.35667556132
axelarnetwork,2023-09,3615.301378946339
axelarnetwork,2023-10,4013.67223438602
axelarnetwork,2023-11,5299.685515335961
axelarnetwork,2023-12,6806.7556086461045
axelarnetwork,2024-01,3517.202958416027
axelarnetwork,2024-02,1667.3498014176444
axelarnetwork,2024-03,4834.606533056956
axelarnetwork,2024-04,4156.926122181648
axelarnetwork,2024-05,2190.81279275352
axelarnetwork,2024-06,2114.9952638912314
axelarnetwork,2024-07,2415.2746055492807
axelarnetwork,2024-08,1683.9640973796581
axelarnetwork,2024-09,2129.2937029460727
axelarnetwork,2024-10,3159.479195738599
axelarnetwork,2024-11,4600.0773517511
axelarnetwork,2024-12,4573.746809880898
axelarnetwork,2025-01,2423.889927075612
axelarnetwork,2025-02,2322.273788977685
axelarnetwork,2025-03,2682.4140823284033
axelarnetwork,2025-04,2784.8291105058133
axelarnetwork,2025-05,3177.428807296241
axelarnetwork,2025-06,1408.453960041229
index-cooperative,2020-09,1094044.6022551125
index-cooperative,2020-10,1161506.9553107214
index-cooperative,2020-11,848214.4097791594
index-cooperative,2020-12,104452.14866425071
index-cooperative,2021-01,289281.59973316756
index-cooperative,2021-02,317709.02621206053
index-cooperative,2021-03,174806.02750147766
index-cooperative,2021-04,1144286.1631922391
index-cooperative,2021-05,1103324.6832852531
index-cooperative,2021-06,664499.2647877156
index-cooperative,2021-07,909197.081533884
index-cooperative,2021-08,584513.9294679569
index-cooperative,2021-09,1445869.289374792
index-cooperative,2021-10,1141730.7290341996
index-cooperative,2021-11,1761671.4145372254
index-cooperative,2021-12,1763311.1226578213
index-cooperative,2022-01,279222.5694104835
index-cooperative,2022-02,159587.2841292827
index-cooperative,2022-03,268639.0270640681
index-cooperative,2022-04,433515.2024928261
index-cooperative,2022-05,226340.58616201463
index-cooperative,2022-06,154320.52071337233
index-cooperative,2022-07,91522.4250621975
index-cooperative,2022-08,96198.88057716038
index-cooperative,2022-09,80376.35297199803
index-cooperative,2022-10,46324.19754905324
index-cooperative,2022-11,138093.82593347228
index-cooperative,2022-12,21997.401250230032
index-cooperative,2023-01,54117.703966653215
index-cooperative,2023-02,68909.26479253615
index-cooperative,2023-03,54004.77251161577
index-cooperative,2023-04,68439.24775107548
index-cooperative,2023-05,29540.240574855216
index-cooperative,2023-06,66557.41694028929
index-cooperative,2023-07,41053.510775804505
index-cooperative,2023-08,35106.35002880389
index-cooperative,2023-09,35954.64918360726
index-cooperative,2023-10,29773.476161892595
index-cooperative,2023-11,35858.72958427343
index-cooperative,2023-12,77409.89668420683
index-cooperative,2024-01,83194.84928961896
index-cooperative,2024-02,86054.58684033509
index-cooperative,2024-03,154415.0090498546
index-cooperative,2024-04,45736.81439112977
index-cooperative,2024-05,32540.314895822255
index-cooperative,2024-06,12833.616049877259
index-cooperative,2024-07,13073.833452123987
index-cooperative,2024-08,14657.143425406432
index-cooperative,2024-09,7170.150902955706
index-cooperative,2024-10,25332.15828787689
index-cooperative,2024-11,54824.98881376383
index-cooperative,2024-12,66753.2934113474
index-cooperative,2025-01,28946.864448001208
index-cooperative,2025-02,14829.9448833819
index-cooperative,2025-03,33322.665844905336
index-cooperative,2025-04,7588.762564103054
index-cooperative,2025-05,29511.92080868757
index-cooperative,2025-06,6060.323937321167
nexus-mutual,2023-03,7270184.811102033
nexus-mutual,2023-04,1387121.479056132
nexus-mutual,2023-05,1025910.3121575778
nexus-mutual,2023-06,913850.556237101
nexus-mutual,2023-07,1012218.0191586533
nexus-mutual,2023-08,939297.4126577198
nexus-mutual,2023-09,1128014.3455377917
nexus-mutual,2023-10,1097231.4144961184
nexus-mutual,2023-11,1423205.5715303523
nexus-mutual,2023-12,841514.3476741589
nexus-mutual,2024-01,630962.3097186584
nexus-mutual,2024-02,962688.3714394452
nexus-mutual,2024-03,2451125.1900601815
nexus-mutual,2024-04,2257644.2464149003
nexus-mutual,2024-05,817566.5794662137
nexus-mutual,2024-06,2276566.8586906553
nexus-mutual,2024-07,871385.434512044
nexus-mutual,2024-08,863831.8978886763
nexus-mutual,2024-09,1514539.0681317507
nexus-mutual,2024-10,2059465.4515483407
nexus-mutual,2024-11,1244364.8042205577
nexus-mutual,2024-12,858388.6458788393
nexus-mutual,2025-01,374610.34762335545
nexus-mutual,2025-02,999363.0137742234
nexus-mutual,2025-03,420809.6977860808
nexus-mutual,2025-04,221151.29896828765
nexus-mutual,2025-05,0.0
nexus-mutual,2025-06,0.0
tornado-cash,2019-12,26268.735153819296
tornado-cash,2020-01,5047.018950217149
tornado-cash,2020-02,2582.186588621294
tornado-cash,2020-03,2073.5393991848237
tornado-cash,2020-04,5000.356152550878
tornado-cash,2020-05,7689.473117104768
tornado-cash,2020-06,4410.826350829476
tornado-cash,2020-07,8146.498822560973
tornado-cash,2020-08,22243.151282903862
tornado-cash,2020-09,22282.160656717948
tornado-cash,2020-10,50898.25809902678
tornado-cash,2020-11,25781.11141796784
tornado-cash,2020-12,29211.031624695166
tornado-cash,2021-01,63192.50436568754
tornado-cash,2021-02,122110.85199705327
tornado-cash,2021-03,145760.24504899746
tornado-cash,2021-04,179959.7168680284
tornado-cash,2021-05,231449.0595957444
tornado-cash,2021-06,157691.4986641766
tornado-cash,2021-07,80772.17354517899
tornado-cash,2021-08,126456.87564258272
tornado-cash,2021-09,101372.19247757344
tornado-cash,2021-10,108511.81874839302
tornado-cash,2021-11,139188.00892366155
tornado-cash,2021-12,85129.24373775393
tornado-cash,2022-01,55449.3837455088
tornado-cash,2022-02,47097.86109975632
tornado-cash,2022-03,46453.477040580336
tornado-cash,2022-04,61128.51495651515
tornado-cash,2022-05,57141.47313502967
tornado-cash,2022-06,26373.8322600708
tornado-cash,2022-07,22309.187705774093
tornado-cash,2022-08,40018.59932042464
tornado-cash,2022-09,13741.362156039339
tornado-cash,2022-10,27143.40273728896
tornado-cash,2022-11,40891.77938958306
tornado-cash,2022-12,18858.519342454583
tornado-cash,2023-01,25496.113414802803
tornado-cash,2023-02,32552.17113001053
tornado-cash,2023-03,37846.241580254165
tornado-cash,2023-04,33823.32203542261
tornado-cash,2023-05,41034.64463172253
tornado-cash,2023-06,27510.35162226657
tornado-cash,2023-07,31368.7033930371
tornado-cash,2023-08,30596.67713437709
tornado-cash,2023-09,26902.296931587916
tornado-cash,2023-10,37356.47962568824
tornado-cash,2023-11,45952.73969718288
tornado-cash,2023-12,32647.873002111337
tornado-cash,2024-01,41071.76617201183
tornado-cash,2024-02,57492.78414111817
tornado-cash,2024-03,164741.53231042437
tornado-cash,2024-04,58943.57161034245
tornado-cash,2024-05,129594.3331789916
tornado-cash,2024-06,68489.22378254971
tornado-cash,2024-07,40319.1062526848
tornado-cash,2024-08,56733.7673067782
tornado-cash,2024-09,210334.77468937865
tornado-cash,2024-10,39256.817700075044
tornado-cash,2024-11,88701.02580696935
tornado-cash,2024-12,114891.20093556463
tornado-cash,2025-01,60270.63198134281
tornado-cash,2025-02,40955.66705697824
tornado-cash,2025-03,50511.568508028504
tornado-cash,2025-04,93407.82784800116
tornado-cash,2025-05,95406.57264267656
tornado-cash,2025-06,63451.61274369154
