project_id,year_month,value
internetcomputer,2023-01,120543
internetcomputer,2023-02,118722
internetcomputer,2023-03,104615
internetcomputer,2023-04,92667
internetcomputer,2023-05,78778
internetcomputer,2023-06,94866
internetcomputer,2023-07,78993
internetcomputer,2023-08,66674
internetcomputer,2023-09,76056
internetcomputer,2023-10,126020
internetcomputer,2023-11,117300
internetcomputer,2023-12,270911
internetcomputer,2024-01,253717
internetcomputer,2024-02,180253
internetcomputer,2024-03,205473
internetcomputer,2024-04,184189
internetcomputer,2024-05,182100
internetcomputer,2024-06,179603
internetcomputer,2024-07,190328
internetcomputer,2024-08,169118
internetcomputer,2024-09,209314
internetcomputer,2024-10,224777
internetcomputer,2024-11,224031
internetcomputer,2024-12,293784
internetcomputer,2025-01,374073
internetcomputer,2025-02,212077
internetcomputer,2025-03,242307
internetcomputer,2025-04,269636
internetcomputer,2025-05,234999
internetcomputer,2025-06,97552
