project_id,year_month,value
axelarnetwork,2022-04,14.984905984690462
axelarnetwork,2022-05,14.379405305155588
axelarnetwork,2022-06,46.43213736644784
axelarnetwork,2022-07,77.14334881353905
axelarnetwork,2022-08,0.7998796514640183
axelarnetwork,2022-09,0.003074052265389
axelarnetwork,2022-10,0.0
axelarnetwork,2022-11,1009.2429049924312
axelarnetwork,2022-12,2401.7651397040386
axelarnetwork,2023-01,20320.234377998193
axelarnetwork,2023-02,707367.5177969614
axelarnetwork,2023-03,2788362.1721041803
axelarnetwork,2023-04,2963912.9561699117
axelarnetwork,2023-05,12231205.609982299
axelarnetwork,2023-06,19649204.71723529
axelarnetwork,2023-07,51219609.33459619
axelarnetwork,2023-08,118946259.98681599
axelarnetwork,2023-09,114991890.9601462
axelarnetwork,2023-10,96930184.46042238
axelarnetwork,2023-11,122963303.32682495
axelarnetwork,2023-12,178228088.8567896
axelarnetwork,2024-01,154588104.42830122
axelarnetwork,2024-02,122676928.9891046
axelarnetwork,2024-03,209512508.71655622
axelarnetwork,2024-04,167166627.07741278
axelarnetwork,2024-05,113089756.3619367
axelarnetwork,2024-06,97913705.74184456
axelarnetwork,2024-07,97898325.586729
axelarnetwork,2024-08,89743498.64165412
axelarnetwork,2024-09,73268996.31837437
axelarnetwork,2024-10,80269728.44693485
axelarnetwork,2024-11,143044005.3300522
axelarnetwork,2024-12,144900872.68383673
axelarnetwork,2025-01,112315787.55090263
axelarnetwork,2025-02,91383795.87006089
axelarnetwork,2025-03,95330314.07186912
axelarnetwork,2025-04,75115195.5976733
axelarnetwork,2025-05,69684191.17281386
axelarnetwork,2025-06,26781752.05018397
index-cooperative,2020-09,2188089.2045102254
index-cooperative,2020-10,24391646.061525147
index-cooperative,2020-11,34776790.800945535
index-cooperative,2020-12,23710637.74678491
index-cooperative,2021-01,42813676.7605088
index-cooperative,2021-02,52739698.35120205
index-cooperative,2021-03,46673209.34289453
index-cooperative,2021-04,175075782.96841258
index-cooperative,2021-05,228388209.4400474
index-cooperative,2021-06,138215847.07584485
index-cooperative,2021-07,126378394.33320989
index-cooperative,2021-08,245495850.3765419
index-cooperative,2021-09,232784955.58934152
index-cooperative,2021-10,133582495.29700135
index-cooperative,2021-11,183213827.11187145
index-cooperative,2021-12,223940512.57754332
index-cooperative,2022-01,124812488.52648614
index-cooperative,2022-02,49472058.08007763
index-cooperative,2022-03,45399995.57382751
index-cooperative,2022-04,84535464.48610109
index-cooperative,2022-05,76050436.95043692
index-cooperative,2022-06,52623297.563259974
index-cooperative,2022-07,27273682.668534853
index-cooperative,2022-08,26358493.278141946
index-cooperative,2022-09,24514787.656459402
index-cooperative,2022-10,12090615.560302895
index-cooperative,2022-11,34385362.6574346
index-cooperative,2022-12,5895303.535061649
index-cooperative,2023-01,8171773.2989646355
index-cooperative,2023-02,9371660.011784915
index-cooperative,2023-03,8154720.649253981
index-cooperative,2023-04,8623345.21663551
index-cooperative,2023-05,3515288.628407771
index-cooperative,2023-06,6921971.361790086
index-cooperative,2023-07,3982190.545253037
index-cooperative,2023-08,4177655.653427663
index-cooperative,2023-09,3883102.111829584
index-cooperative,2023-10,3275082.3778081853
index-cooperative,2023-11,4446482.4684499055
index-cooperative,2023-12,9444007.395473234
index-cooperative,2024-01,9484212.819016559
index-cooperative,2024-02,8777567.85771418
index-cooperative,2024-03,13588520.796387203
index-cooperative,2024-04,6769048.529887206
index-cooperative,2024-05,4946127.864164983
index-cooperative,2024-06,1552867.5420351482
index-cooperative,2024-07,1948001.184366474
index-cooperative,2024-08,2242542.9440871836
index-cooperative,2024-09,917779.3155783303
index-cooperative,2024-10,1925244.0298786433
index-cooperative,2024-11,4002224.18340476
index-cooperative,2024-12,6675329.341134741
index-cooperative,2025-01,3126261.3603841304
index-cooperative,2025-02,1186395.590670552
index-cooperative,2025-03,2765781.265127143
index-cooperative,2025-04,553979.6671795229
index-cooperative,2025-05,1859251.0109473171
index-cooperative,2025-06,460584.61923640873
nexus-mutual,2019-07,279169.2806148638
nexus-mutual,2019-08,226937.32155990956
nexus-mutual,2019-09,39671.1700920114
nexus-mutual,2019-10,38816.10607001113
nexus-mutual,2019-11,154446.33332774817
nexus-mutual,2019-12,557168.2094763967
nexus-mutual,2020-01,77948.57315400222
nexus-mutual,2020-02,1871783.4142983723
nexus-mutual,2020-03,670562.0550632465
nexus-mutual,2020-04,435113.4131743532
nexus-mutual,2020-05,586969.7273577416
nexus-mutual,2020-06,3355762.0615950413
nexus-mutual,2020-07,7492365.64528333
nexus-mutual,2020-08,38983369.559835576
nexus-mutual,2020-09,223839926.8448138
nexus-mutual,2020-10,5425236.842365885
nexus-mutual,2020-11,11029505.444628438
nexus-mutual,2020-12,8561065.717966797
nexus-mutual,2021-01,316638792.55778337
nexus-mutual,2021-02,449800382.5699361
nexus-mutual,2021-03,88414143.06000185
nexus-mutual,2021-04,190420868.94127607
nexus-mutual,2021-05,288706358.8325605
nexus-mutual,2021-06,153771210.9000509
nexus-mutual,2021-07,109201316.93660918
nexus-mutual,2021-08,124909738.16131033
nexus-mutual,2021-09,131575905.48105381
nexus-mutual,2021-10,183355836.01460722
nexus-mutual,2021-11,236421710.346381
nexus-mutual,2021-12,217409665.15812483
nexus-mutual,2022-01,217341619.25077802
nexus-mutual,2022-02,145929171.8629925
nexus-mutual,2022-03,216594856.0523755
nexus-mutual,2022-04,151088599.04869473
nexus-mutual,2022-05,182262582.3841238
nexus-mutual,2022-06,90727959.11521353
nexus-mutual,2022-07,52952514.970166296
nexus-mutual,2022-08,52626995.299584106
nexus-mutual,2022-09,54493987.801849075
nexus-mutual,2022-10,74574102.07177106
nexus-mutual,2022-11,87646408.41489293
nexus-mutual,2022-12,60396045.7666704
nexus-mutual,2023-01,92556467.9801698
nexus-mutual,2023-02,51960694.9997423
nexus-mutual,2023-03,29080739.24440813
nexus-mutual,2023-04,29129551.060178775
nexus-mutual,2023-05,23595937.17962429
nexus-mutual,2023-06,21932413.349690422
nexus-mutual,2023-07,21256578.40233172
nexus-mutual,2023-08,18785948.253154393
nexus-mutual,2023-09,13536172.146453502
nexus-mutual,2023-10,20847396.87542625
nexus-mutual,2023-11,22771289.144485634
nexus-mutual,2023-12,15147258.258134859
nexus-mutual,2024-01,15774057.74296646
nexus-mutual,2024-02,17328390.685910013
nexus-mutual,2024-03,41669128.23102309
nexus-mutual,2024-04,63214038.899617195
nexus-mutual,2024-05,40878328.973310694
nexus-mutual,2024-06,52361037.74988507
nexus-mutual,2024-07,27012948.46987336
nexus-mutual,2024-08,35417107.813435726
nexus-mutual,2024-09,34834398.567030266
nexus-mutual,2024-10,39129843.57941847
nexus-mutual,2024-11,37330944.12661673
nexus-mutual,2024-12,36910711.77279009
nexus-mutual,2025-01,18730517.381167773
nexus-mutual,2025-02,34977705.48209782
nexus-mutual,2025-03,20198865.493731882
nexus-mutual,2025-04,7297992.865953493
nexus-mutual,2025-05,0.0
nexus-mutual,2025-06,0.0
tornado-cash,2019-12,183881.14607673508
tornado-cash,2020-01,1181002.4343508128
tornado-cash,2020-02,1443442.3030393033
tornado-cash,2020-03,1045063.8571891511
tornado-cash,2020-04,2145152.7894443264
tornado-cash,2020-05,4944331.214298366
tornado-cash,2020-06,2725890.6848126156
tornado-cash,2020-07,5010096.775874998
tornado-cash,2020-08,15103099.721091725
tornado-cash,2020-09,16087719.994150361
tornado-cash,2020-10,53239577.97158201
tornado-cash,2020-11,49190360.58548264
tornado-cash,2020-12,59561293.48275344
tornado-cash,2021-01,144142102.45813328
tornado-cash,2021-02,230178956.0144454
tornado-cash,2021-03,321984381.3132354
tornado-cash,2021-04,354880561.663752
tornado-cash,2021-05,552237456.1954461
tornado-cash,2021-06,372467319.8447851
tornado-cash,2021-07,285852722.17638844
tornado-cash,2021-08,469281465.50962454
tornado-cash,2021-09,479997331.3813102
tornado-cash,2021-10,538327132.8107778
tornado-cash,2021-11,771240757.4460086
tornado-cash,2021-12,699932642.0118128
tornado-cash,2022-01,460340783.85521406
tornado-cash,2022-02,381398479.1858267
tornado-cash,2022-03,429276581.33200294
tornado-cash,2022-04,641299250.4088005
tornado-cash,2022-05,575071785.6309386
tornado-cash,2022-06,254586602.80646342
tornado-cash,2022-07,208479359.1104589
tornado-cash,2022-08,332954746.345933
tornado-cash,2022-09,75302664.61509557
tornado-cash,2022-10,37892190.22125539
tornado-cash,2022-11,63382258.05385375
tornado-cash,2022-12,28966685.71001024
tornado-cash,2023-01,32838994.07826601
tornado-cash,2023-02,44596474.448114425
tornado-cash,2023-03,65776767.866481744
tornado-cash,2023-04,68052523.93527028
tornado-cash,2023-05,75585815.4116329
tornado-cash,2023-06,65777250.72883937
tornado-cash,2023-07,61168971.61642235
tornado-cash,2023-08,62967961.542548046
tornado-cash,2023-09,51490996.32705927
tornado-cash,2023-10,61003131.228748895
tornado-cash,2023-11,88275212.95828831
tornado-cash,2023-12,61345353.370967194
tornado-cash,2024-01,71259514.30844052
tornado-cash,2024-02,103601997.02229495
tornado-cash,2024-03,291263029.1248303
tornado-cash,2024-04,115942005.35754359
tornado-cash,2024-05,198927301.4297521
tornado-cash,2024-06,108075995.12886344
tornado-cash,2024-07,63825145.198000036
tornado-cash,2024-08,85894923.7024622
tornado-cash,2024-09,234733608.55334657
tornado-cash,2024-10,77532214.95764822
tornado-cash,2024-11,105909024.81352139
tornado-cash,2024-12,140511938.74419555
tornado-cash,2025-01,78291550.94376431
tornado-cash,2025-02,47180928.44963893
tornado-cash,2025-03,62331275.53890718
tornado-cash,2025-04,100600230.59229726
tornado-cash,2025-05,161904953.7746221
tornado-cash,2025-06,120684967.43850133
