project_id,year_month,value
internetcomputer,2023-01,14721.3882
internetcomputer,2023-02,13828.9276
internetcomputer,2023-03,16005.3873
internetcomputer,2023-04,15995.7103
internetcomputer,2023-05,16994.4659
internetcomputer,2023-06,16947.7
internetcomputer,2023-07,18001.9444
internetcomputer,2023-08,18387.8178
internetcomputer,2023-09,18151.4335
internetcomputer,2023-10,19375.7803
internetcomputer,2023-11,19577.0822
internetcomputer,2023-12,24262.7028
internetcomputer,2024-01,28336.7863
internetcomputer,2024-02,28226.9649
internetcomputer,2024-03,31626.2046
internetcomputer,2024-04,32135.5556
internetcomputer,2024-05,34570.3932
internetcomputer,2024-06,34933.075
internetcomputer,2024-07,37698.5358
internetcomputer,2024-08,39359.1696
internetcomputer,2024-09,40172.4871
internetcomputer,2024-10,44115.8608
internetcomputer,2024-11,45932.9239
internetcomputer,2024-12,51248.2851
internetcomputer,2025-01,56090.0457
internetcomputer,2025-02,54464.7116
internetcomputer,2025-03,62922.1946
internetcomputer,2025-04,63665.6804
internetcomputer,2025-05,69838.6044
internetcomputer,2025-06,32908.076
